"","Age","0.02","0.05","0.25","0.5","0.75","0.95","0.98"
"1",0,1.59419453879651,1.73026262082856,2.16782622604888,2.62741598577682,3.32986225607145,5.38421758391022,7.25197628872133
"2",0.1,2.89883970119453,3.17312335144929,3.96025377820005,4.64861504982687,5.48681109400771,7.03799745150758,7.84768897834711
"3",0.2,3.55696536249083,3.90268683943561,4.84231202261478,5.60599841800593,6.47230033160818,7.92194945873883,8.61261556042495
"4",0.3,4.05966623443483,4.4581691957,5.50121766525452,6.31024335979763,7.1912048043988,8.59004688907199,9.22755925236271
"5",0.4,4.46489615661053,4.90472153873799,6.02513824531707,6.86685259104934,7.75964850234662,9.13285143209914,9.74261865863305
"6",0.5,4.79497288244341,5.26831231189062,6.45076791419241,7.31955809689381,8.22504024427677,9.58943013561572,10.1854198401201
"7",0.6,5.06148627422126,5.56283347999886,6.79812966667972,7.69196826646196,8.61267513040988,9.98147105813179,10.5730818170594
"8",0.7,5.27754531334664,5.80282789300408,7.08491822821031,8.00307954140332,8.9414983943012,10.3244165543935,10.9180417870319
"9",0.8,5.46039336808467,6.00623206201439,7.32991909210317,8.2712817869876,9.22843180056922,10.6308010156114,11.2300734132858
"10",0.9,5.62378246156544,6.18709374210273,7.54722093476836,8.51000351371027,9.48557575952075,10.9095046114097,11.516202506765
"11",1,5.7785348357736,6.35634494860419,7.74746974357581,8.72918654798469,9.7217195168818,11.166833023786,11.7813881673541
"12",1.1,5.93332433077383,6.52268825832561,7.93896012011168,8.93643901803111,9.94345206451156,11.4073282496391,12.029106482987
"13",1.2,6.09516864690053,6.69314197222357,8.12828808420666,9.13772514972988,10.1558403563115,11.6343205613507,12.2618042483619
"14",1.3,6.26742093875727,6.87125069168875,8.31917092232213,9.33666176104613,10.3622308849424,11.8504866407783,12.4817814567125
"15",1.4,6.44854520334502,7.05600841434901,8.51176975824324,9.53414792753369,10.5642027722799,12.0582865906417,12.6918363352688
"16",1.5,6.63668873704521,7.24607447064053,8.70588325625116,9.73071466189596,10.7629734307912,12.2598494378521,12.8944565908067
"17",1.6,6.83020792256304,7.44025620984362,8.90131672419941,9.92680539447226,10.9595823984025,12.4570039272889,13.0917808242824
"18",1.7,7.02766516251984,7.63750799748025,9.09789097509134,10.1227945919826,11.1549212883368,12.6513265566131,13.2856545849403
"19",1.8,7.22781497930105,7.836922006896,9.29544612926572,10.3190015827747,11.3497580653246,12.8441811900714,13.4776764490923
"20",1.9,7.42958411573189,8.03771442077915,9.49384224764616,10.5157010171221,11.5447570633887,13.0367522396374,13.6692365157594
"21",2,7.63205263552214,8.23920997336285,9.69295219585636,10.7131216291354,11.7404837290547,13.2300581458339,13.861533612076
"22",2.1,7.83450607314327,8.44083343275224,9.89253369510802,10.9112542764106,11.9371631533053,13.4246624983648,14.0552743977065
"23",2.2,8.03638724950085,8.64208195034056,10.0922415878959,11.109885467694,12.1347301663349,13.6207405994559,14.2507444935766
"24",2.3,8.23719109385046,8.84249906921333,10.2917592108234,11.3088146615927,12.3331148170739,13.818434111841,14.4481826626129
"25",2.4,8.43645374009845,9.04166733116858,10.4907992991338,11.507860848583,12.5322545215481,14.0178709816692,14.647803918521
"26",2.5,8.63374660000892,9.23920246248764,10.6890995775054,11.7068599520777,12.732093878497,14.219169681391,14.8498059439453
"27",2.6,8.82867114787225,9.43474829312503,10.8864189722053,11.9056626647837,12.9325846647388,14.4224431673355,15.0543749989391
"28",2.7,9.02085427049227,9.62797226261867,11.0825343236382,12.1041326334989,13.1336859669243,14.6278025831142,15.2616913854553
"29",2.8,9.20994407702781,9.81856140301553,11.2772375049374,12.3021449253839,13.3353644210056,14.8353607511322,15.4719345449019
"30",2.9,9.39560712084483,10.0062195241241,11.4703330844315,12.4995844653565,13.5375937694214,15.0452339194131,15.6852859251172
"31",3,9.57768232367349,10.1907876229034,11.6616687012868,12.6963056821927,13.7402375421183,15.2573034483545,15.9016362405298
"32",3.1,9.75633576102357,10.3723653447673,11.8511669049911,12.8920937351179,13.9429331976596,15.470978240183,16.1202929486084
"33",3.2,9.93175925776412,10.5510743474365,12.0387632217827,13.0867401959241,14.1453177167713,15.6856561284007,16.340547713061
"34",3.3,10.1041317394287,10.727028048498,12.2243980040452,13.2800519564215,14.3470548672555,15.9007796916457,16.561744963754
"35",3.4,10.2736220692703,10.9003338972303,12.4080167426702,13.4718497087765,14.5478314972665,16.1158288184649,16.7832726951598
"36",3.5,10.4403912543971,11.0710951019878,12.5895701983047,13.6619666160733,14.7473544783484,16.3303147246633,17.004555102255
"37",3.6,10.604594132509,11.239411914138,12.7690143916957,13.850247144579,14.9453481816207,16.5437751491417,17.2250467034088
"38",3.7,10.7663806303524,11.4053825494703,12.9463104836771,14.0365460340891,15.1415523954933,16.755770517136,17.444227681861
"39",3.8,10.9258966685826,11.5691038123232,13.1214245682888,14.2207273868034,15.3357206123545,16.9658809067023,17.6616002381873
"40",3.9,11.0832847743516,11.7306714752507,13.2943273971456,14.4026638583059,15.5276186259703,17.1737036890045,17.8766857909062
"41",4,11.2386787742624,11.8901791097421,13.4650034307557,14.5822531263966,15.7170486574871,17.3788890620857,18.0890654471621
"42",4.1,11.3921115227134,12.0476948626263,13.6335990420548,14.7596911348133,15.9042521496042,17.581736663264,18.2990607838097
"43",4.2,11.5435295474275,12.2032600862982,13.8003827303513,14.9354053728059,16.0898160010401,17.7830628066455,18.5075846479166
"44",4.3,11.6928726280128,12.3569066688309,13.9656085225708,15.1098065187791,16.2743088475739,17.9836649163448,18.715531219935
"45",4.4,11.8400756467303,12.5086574897581,14.1295127565111,15.2832823992001,16.4582719971398,18.1843077963708,18.9237602160422
"46",4.5,11.9850673453068,12.6585258381693,14.2923149258334,15.456199719132,16.6422219691052,18.3857272151784,19.1331008760484
"47",4.6,12.1277686615942,12.8065144517985,14.4542182644424,15.6289056267309,16.8266529684591,18.5886335765464,19.3443561023627
"48",4.7,12.2680907125301,12.9526142335802,14.6154101040071,15.8017291308897,17.0120393007647,18.7937156657631,19.5583067327063
"49",4.8,12.4059324703147,13.0968026865281,14.7760620309606,15.9749823886161,17.1988377352485,19.0016444664291,19.7757159372602
"50",4.9,12.5411781616709,13.2390420940915,14.9363298628328,16.148961876582,17.3874898250281,19.2130770493026,19.9973337386194
"51",5,12.6736944049826,13.3792774609729,15.0963534579398,16.3239494593554,17.5784241949929,19.4286605402493,20.223901660015
"52",5.1,12.803327086749,13.5174342185727,15.256256367387,16.5002133653685,17.7720588096335,19.649036180082,20.4561575143949
"53",5.2,12.9299245462157,13.6534360005936,15.4161503019048,16.6780030372359,17.9687859290521,19.8748095940981,20.6947993359159
"54",5.3,13.053704205115,13.7874853517959,15.5762051641254,16.8574676703978,18.1687354631165,20.1060850983453,20.9399213137178
"55",5.4,13.1751687845908,13.9200016236587,15.7366389026181,17.0386825026923,18.3718378786649,20.3425814935775,21.1911519146449
"56",5.5,13.2948203652756,14.0514033308223,15.8976667420156,17.2217175831046,18.5780150688738,20.5840025720597,21.448101347898
"57",5.6,13.4131579767427,14.1821065414553,16.0595016179941,17.4066397444019,18.7871839556538,20.8300432193428,21.7103687724199
"58",5.7,13.5306819540063,14.3125284001258,16.2223557283174,17.5935127979109,18.9992553461944,21.0803863851092,21.9775384890077
"59",5.8,13.6478975206649,14.443090028376,16.3864418200338,17.7823977133902,19.2141330233809,21.334700645716,22.2491768749796
"60",5.9,13.7653176638055,14.5742188522708,16.5519742309167,17.9733527853994,19.4317130585357,21.5926383342696,22.5248300338613
"61",6,13.8834653480867,14.7063503924455,16.7191696979623,18.1664337873775,19.6518833392104,21.8538342236626,22.8040221440346
"62",6.1,14.0028751030598,14.8399295418537,16.8882479418418,18.3616941145217,19.8745233078706,22.1179047548488,23.0862544983818
"63",6.2,14.1240940079364,14.9754113488615,17.0594320334051,18.5591849164594,20.099503909428,22.3844478070456,23.3710052320395
"64",6.3,14.2476820910901,15.1132613181338,17.2329485464928,18.7589552205972,20.3266877466986,22.6530430086265,23.6577297375653
"65",6.4,14.3742121571122,15.2539552385237,17.4090275002657,18.9610520468912,20.5559294431505,22.9232525875173,23.9458617664877
"66",6.5,14.5042599741659,15.3979702698039,17.5878962854038,19.1655168906439,20.7870751583171,23.1946260801336,24.2348206186646
"67",6.6,14.6380688871723,15.5454793969514,17.7695661648311,19.3722538623963,21.0199268802603,23.4668284283119,24.5242172605671
"68",6.7,14.7754507498194,15.6962619433431,17.9537730967244,19.5809978943356,21.2542432195399,23.739696810885,24.8139380095787
"69",6.8,14.9161955925814,15.8500775990882,18.1402421140694,19.7914820562836,21.4897925333039,24.0130994327548,25.1039108234408
"70",6.9,15.0600993578659,16.0066919260778,18.3287054018756,20.0034487075625,21.7263557176542,24.2869238001542,25.3940865870548
"71",7,15.2069628729038,16.1658756304566,18.5189019009344,20.2166490511045,21.9637255158359,24.5610753895462,25.6844374293082
"72",7.1,15.3565909080663,16.3274039096597,18.7105769503609,20.430842714975,22.2017058731991,24.8354764781221,25.9749552905666
"73",7.2,15.5087913233257,16.491055873657,18.9034819659366,20.6457973592154,22.4401113393527,25.1100651426138,26.2656507512712
"74",7.3,15.6633743050859,16.656614039596,19.0973741514257,20.8612883061979,22.6787665177615,25.3847944311651,26.5565521290404
"75",7.4,15.8201516949501,16.8238638985001,19.2920162400616,21.0770981927469,22.9175055626286,25.6596317112575,26.8477048493245
"76",7.5,15.9789364112873,16.9925935522026,19.4871762635523,21.2930166425033,23.156171722813,25.9345581959879,27.1391710939718
"77",7.6,16.1395419636154,17.1625934181632,19.6826273460124,21.5088399570543,23.3946169322727,26.2095686505783,27.4310297321279
"78",7.7,16.3017820589649,17.3336559993695,19.8781475204209,21.7243708245662,23.6327014465802,26.4846712815902,27.7233765395176
"79",7.8,16.4654702984467,17.5055757160449,20.0735195652892,21.9394180446931,23.870293524945,26.7598878121359,28.0163247144857
"80",7.9,16.6304199620375,17.6781487964052,20.2685308606043,22.1537962698819,24.1072691583261,27.0352537485609,28.3100057030758
"81",8,16.7964789726421,17.8512184647128,20.4630322042067,22.367384962274,24.3435631421203,27.3108435823706,28.6045782703323
"82",8.1,16.9636216555716,18.0247934361451,20.6570923785525,22.5802832207694,24.5793020453448,27.5868307879154,28.9002423123486
"83",8.2,17.1318463769481,18.1989158493142,20.8508261781042,22.7926364761296,24.8146520723261,27.8634068901872,29.1972026969185
"84",8.3,17.3011464849181,18.3736231396285,21.0443441611087,23.0045859005716,25.0497750056525,28.140759285956,29.4956608479365
"85",8.4,17.4715113018697,18.5489486645228,21.2377528673524,23.216268578998,25.2848284004716,28.4190714317665,29.7958148874984
"86",8.5,17.6429270015258,18.7249222619691,21.4311550196095,23.4278176713814,25.5199657692085,28.6985230185822,30.0978597641889
"87",8.6,17.8153773740212,18.9015707443957,21.6246497097424,23.6393625669605,25.7553367574474,28.9792901337403,30.4019873675071
"88",8.7,17.9888444836138,19.0789183307384,21.8183325702563,23.8510290306541,25.9910873113486,29.2615454102704,30.7083866276811
"89",8.8,18.1633092248741,19.2569870198445,22.0122959321251,24.0629393421347,26.2273598370606,29.5454581637812,31.0172436003401
"90",8.9,18.3387517841159,19.4357969088858,22.2066289698364,24.2752124282064,26.4642933528713,29.8311945175538,31.3287415360288
"91",9,18.5151520132111,19.6153664604732,22.4014178342397,24.4879639886025,26.7020236341071,30.1189175153154,31.6430609331891
"92",9.1,18.6924897233569,19.7957127224691,22.5967457741265,24.7013066158616,26.9406833515668,30.4087872223839,31.9603795746724
"93",9.2,18.8707449062402,19.9768515043089,22.7926932470917,24.9153499094078,27.1804022035332,30.7009608147068,32.2808725464661
"94",9.3,19.0498978900292,20.1587975137303,22.9893380204613,25.1302005843393,27.4213070419434,30.9955926561363,32.6047122382828
"95",9.4,19.2299294372493,20.3415644575653,23.1867552628521,25.34596257514,27.6635219928985,31.292834363658,32.9320683249128
"96",9.5,19.4108191958987,20.5251662405624,23.3850252125304,25.5627490834481,27.9071846628566,31.5928562774811,33.2631310782021
"97",9.6,19.5925137503537,20.7096390000371,23.5843838013635,25.7809207670468,28.1527679460779,31.8962773833515,33.5985806351725
"98",9.7,19.7749283560846,20.8950369429335,23.7852076726265,26.0010660888291,28.4010579867615,32.2041430322226,33.9395652655618
"99",9.8,19.9579767752867,21.0814087551965,23.9878650390824,26.2237682824892,28.6528423666614,32.5175131163374,34.2872535068942
"100",9.9,20.1415706044915,21.2687954362518,24.1927095074862,26.4495962686535,28.9088982467672,32.837446699022,34.6428174775287
"101",10,20.3256165716051,21.4572284730171,24.4000797960162,26.6791051366233,29.1699934766625,33.1650038239325,35.0074348299444
"102",10.1,20.5100131610975,21.6467274822798,24.6102992490077,26.9128366053904,29.4368877946807,33.5012474113045,35.3822907172447
"103",10.2,20.6946466270009,21.8372973588508,24.8236751556253,27.1513194649317,29.7103341200409,33.847245233164,35.7685797507265
"104",10.3,20.8793864292868,22.0289249511218,25.040497875553,27.3950699988062,29.9910799387848,34.2040719566768,36.1675079203655
"105",10.4,21.0640801046116,22.2215752690776,25.2610397708243,27.6445923890654,30.2798687860834,34.5728112414492,36.5802944431727
"106",10.5,21.2485475574533,22.4151872126266,25.4855539385804,27.900379104344,30.5774418277759,34.9545578714641,37.0081734948572
"107",10.6,21.4325747318128,22.6096687899603,25.7142727348959,28.1629112720162,30.8845395446145,35.3504198967834,37.4523957700024
"108",10.7,21.6159065963323,22.8048917761863,25.9474060746244,28.4326590351446,31.2019035228503,35.7615207526465,37.9142298030542
"109",10.8,21.7982393460414,23.0006857412044,26.18513948665,28.7100818950843,31.5302783552614,36.1890013154203,38.3949629686124
"110",10.9,21.9792116905762,23.1968313516843,26.4276318974051,28.9956290403529,31.8704136564285,36.6340218440634,38.8959020625581
"111",11,22.1583950603009,23.3930528243367,26.6750131083348,29.2897396624753,32.223066195983,37.09776374394,39.4183733476813
"112",11.1,22.3352825160284,23.5890093748239,26.9273809245244,29.5928432594354,32.5890021529091,37.581431075712,39.9637219275866
"113",11.2,22.5094347759342,23.7844121900806,27.1848389948342,29.9053332426804,32.9688982905599,38.0860325343397,40.5330382504407
"114",11.3,22.6811475280945,23.9795594764123,27.4476743728511,30.2274581337545,33.3629151328224,38.6114442248817,41.1259895085927
"115",11.4,22.8509444394688,24.174935518777,27.7162362236027,30.5594176237733,33.7710282305433,39.1571066820279,41.7416784764804
"116",11.5,23.0193338368452,24.3710174016859,27.9908756828224,30.9014070512687,34.1931869907606,39.7223641717981,42.3790639126826
"117",11.6,23.1868180531031,24.5682829254807,28.2719495785325,31.2536175484673,34.6293108929228,40.3064557659065,43.0369503997582
"118",11.7,23.353902412866,24.7672182615721,28.5598240279122,31.6162361629779,35.0792859628213,40.9085080410962,43.7139810572968
"119",11.8,23.5211039083336,24.9683253694192,28.8548778978848,31.9894459749844,35.5429616367976,41.5275299056448,44.4086338711769
"120",11.9,23.6889597073496,25.1721292700559,29.1575061378754,32.3734262100724,36.0201480830875,42.1624098851484,45.1192221319294
"121",12,23.8580356160954,25.3791852536581,29.4681229843398,32.7683523480607,36.5106140537616,42.8119161701401,45.8438993862579
"122",12.1,24.0289346023263,25.5900860829502,29.7871650277565,33.1743962278045,37.0140853433598,43.4746996745279,46.5806691755111
"123",12.2,24.2023054707626,25.8054692395928,30.1150941244998,33.5917261483125,37.5302439308302,44.1493002802513,47.3273996714907
"124",12.3,24.3788517685231,26.026024245666,30.4524001273441,34.0205069662739,38.0587278771411,44.8341563473235,48.0818431247521
"125",12.4,24.5593409842474,26.2525000762479,30.7996033997119,34.4609001901164,38.5991320432282,45.5276174561753,48.8416598280399
"126",12.5,24.744614088528,26.4857126609404,31.1572570700178,34.9130640708265,39.1510096813253,46.2279602257014,49.6044460804863
"127",12.6,24.9355954439349,26.7265524508849,31.5259489733409,35.3771536895867,39.7138749368312,46.9334069220565,50.3677654316689
"128",12.7,25.1333030888702,26.9759920025559,31.9063032186264,35.8533210424285,40.2872062789819,47.6421464501658,51.1291823072994
"129",12.8,25.3388593688646,27.2350934992172,32.2989813104797,36.3417151219837,40.8704508564676,48.3523572093744,51.8862969835094
"130",12.9,25.5534967347564,27.5050110506571,32.7046782013185,36.8424781493979,41.4630269723026,49.0622307991144,52.6367817505832
"131",13,25.777994066295,27.78643159258,33.1236145438712,37.3553181397231,42.0640243426233,49.7699574016215,53.3785273101625
"132",13.1,26.0121417117274,28.0790477261542,33.5550714598111,37.8791308656869,42.6719557133195,50.4737440984524,54.1098015768638
"133",13.2,26.2557036905804,28.382506614131,33.9982527551842,38.412740944309,43.2853075046659,51.171921944208,54.829090686454
"134",13.3,26.5085408913011,28.6965293689159,34.4523915358523,38.9549942259446,43.9026090648186,51.8629527515432,55.5350636096322
"135",13.4,26.7706113849491,29.0209091039356,34.9167474130323,39.5047572634274,44.522433869634,52.5454230779751,56.2265564252668
"136",13.5,27.0419700086938,29.3555082776159,35.3906035374676,40.0609167982944,45.143400397678,53.2180370110306,56.9025555618149
"137",13.6,27.3227670266833,29.7002552164074,35.8732634701184,40.6223792634511,45.7641726900705,53.8796081156748,57.562180686853
"138",13.7,27.6132456577737,30.055139703153,36.3640479016856,41.1880703015758,46.3834606110285,54.5290508789098,58.2046678152397
"139",13.8,27.9137382456455,30.4202075216579,36.8622912382986,41.7569342987172,47.0000198301364,55.1653719477517,58.8293530907064
"140",13.9,28.2246608390643,30.7955538584741,37.3673380758372,42.3279339324252,47.6126515508122,55.7876614117791,59.4356575813114
"141",14,28.5465059512903,31.1813154799206,37.8785395908356,42.9000497339691,48.2202020121594,56.3950843353439,60.0230733245861
"142",14.1,28.879833280679,31.5776616269589,38.3952498811213,43.4722796639729,48.8215617922508,56.9868726980941,60.5911507647836
"143",14.2,29.2252582026431,31.9847836036841,38.9168222945962,44.043638701097,49.4156649416241,57.5623178606846,61.1394876480433
"144",14.3,29.5834378891719,32.40288307701,39.442605789165,44.6131584431855,50.0014879746861,58.1207636333694,61.6677193776669
"145",14.4,29.9550549783203,32.8321591552545,39.9719413707697,45.1798867204211,50.578048745734,58.6615999929742,62.1755107850201
"146",14.5,30.3407988041213,33.2727943710791,40.5041586596741,45.7428872201358,51.1444052344642,59.1842574661445,62.6625492369072
"147",14.6,30.7413443066431,33.7249397572742,41.0385726368905,46.3012391227162,51.6996542633323,59.688202174358,63.1285389769034
"148",14.7,31.1573288703242,34.1886992697944,41.5744806233474,46.8540367482961,52.2429301670093,60.1729315197978,63.5731965854009
"149",14.8,31.5892844815012,34.6640824788779,42.1111535309524,47.4003990967901,52.7734278126102,60.6380133439782,63.9962972775458
"150",14.9,32.0369212650293,35.1504868259856,42.647738283953,47.9396252843409,53.2907836819008,61.083751562181,64.398448360949
"151",15,32.4991981749816,35.6467618990015,43.1832753347778,48.4711630292346,53.7949895663617,61.5110212520736,64.7808936423119
"152",15.1,32.974897012682,36.15163611341,43.7167850052708,48.9944730742991,54.2860518286455,61.9206670190204,65.1448147352065
"153",15.2,33.462650695288,36.6637412526263,44.2472755854953,49.5090247702943,54.7639768049326,62.3134805979011,65.4913080814888
"154",15.3,33.9609560685763,37.1816250183906,44.7737486977266,50.0142958872032,55.2287672812876,62.6901982776132,65.8213848890538
"155",15.4,34.4681889264245,37.7037644737465,45.2952043902392,50.5097724308308,55.680419554845,63.0514994822908,66.1359722128522
"156",15.5,34.9826207528511,38.2285800054981,45.8106458889482,50.9949484645866,56.1189210360166,63.3980063170144,66.435914934606
"157",15.6,35.5024366528989,38.7544494351555,46.3190839492468,51.4693259362247,56.5442483466319,63.7302839114938,66.7219784388666
"158",15.7,36.0257539188079,39.279721925793,46.8195407650449,51.9324145093225,56.9563658687777,64.048841418334,66.9948518189753
"159",15.8,36.5506406869274,39.8027313642473,47.3110534062206,52.383731399455,57.3552247003852,64.3541335444843,67.2551514786717
"160",15.9,37.0751341757468,40.3218089407513,47.7926767689283,52.8228012148132,57.7407619748633,64.6465625126894,67.5034250207866
"161",16,37.5972580514549,40.83529469785,48.263486035312,53.2491558011446,58.1129005044307,64.9264803668127,67.7401553372474
"162",16.1,38.1150385389195,41.3415478739076,48.7225786497701,53.6623340908925,58.4715487092337,65.1941915492507,67.9657648330397
"163",16.2,38.6265189765229,41.8389559202153,49.169075827742,54.0618819563649,58.8166007970208,65.4499556912323,68.1806197322302
"164",16.3,39.1297725974306,42.3259421223296,49.6021236202995,54.4473520668209,59.1479371609357,65.6939905673626,68.3850344265611
"165",16.4,39.6229134017198,42.8009718029987,50.0208935632291,54.8183037493747,59.4654249659748,65.9264751752946,68.5792758378999
"166",16.5,40.1041050598354,43.262557124967,50.4245829431597,55.1743028534741,59.7689188972016,66.1475529086698,68.763567773586
"167",16.6,40.5715678543883,43.7092605456597,50.8124147157682,55.5149216189992,60.0582620461235,66.3573347990767,68.9380952617038
"168",16.7,41.0235837230326,44.1396970022895,51.1836371120806,55.8397385477939,60.333286913947,66.5559028078018,69.1030088581398
"169",16.8,41.4586880028813,44.5527077905694,51.5376607893222,56.1484529269067,60.5939086735005,66.7433738567763,69.2584766215492
"170",16.9,41.8765426737594,44.9481593944501,51.8746950839739,56.4414159200713,60.8405553847054,66.9201901977946,69.4049169424968
"171",17,42.2772253368321,45.3262897150061,52.1952274451888,56.7192008430032,61.0738279383788,67.0869065754129,69.5428387443992
"172",17.1,42.6608476101725,45.6873581417565,52.4997455722,56.9823732586582,61.2943166394275,67.2440714479406,69.6727492295314
"173",17.2,43.0275518170766,46.0316429185169,52.7887364416412,57.2314908782463,61.5026015984773,67.3922272983165,69.795153861872
"174",17.3,43.3775081213178,46.3594389679257,53.0626856870908,57.4671037130405,61.6992532943358,67.5319110790892,69.9105565038954
"175",17.4,43.7109117180078,46.6710558000299,53.3220770219576,57.6897542222649,61.8848331059673,67.6636546574951,70.0194595966057
"176",17.5,44.0279801013901,46.9668155114996,53.5673917033557,57.8999774574821,62.0598938174,67.7879852615641,70.1223643788129
"177",17.6,44.3289504257768,47.2470508795059,53.7991080342292,58.0983012032677,62.2249800977784,67.9054259268829,70.2197711408802
"178",17.7,44.6140769709648,47.5121035519547,54.0177009012065,58.2852461145703,62.3806289595769,68.0164959454612,70.3121795109077
"179",17.8,44.8836287198537,47.7623223341189,54.2236413454057,58.4613258505651,62.5273701968606,68.1217113167868,70.400088770249
"180",17.9,45.137887052359,47.9980615700529,54.4173961637011,58.6270472054573,62.66572680639,68.2215852030221,70.4839981978948
"181",18,45.3771435573482,48.2196796161669,54.5994275376597,58.7829102359563,62.7962153930751,68.3166283886243,70.5644074416894
"182",18.1,45.6016979617614,48.427537403234,54.7701926876784,58.929408385768,62.9193465621894,68.4073497464294,70.641816916737
"183",18.2,45.8118561745197,48.6219970825218,54.93014354979,59.0670286071384,63.0356253001415,68.4942567115566,70.7167282308388
"184",18.3,46.0079284413184,48.8034207511383,55.0797264726523,59.1962514795072,63.1455513456079,68.5778557647949,70.7896446374206
"185",18.4,46.1902276053116,48.9721692512908,55.2193819322725,59.3175513252956,63.2496195527298,68.658652927256,70.8610715167878
"186",18.5,46.3590674679694,49.1286010380163,55.3495442622652,59.4313963230611,63.3483202482843,68.7371542685399,70.9315168872463
"187",18.6,46.5147612436395,49.2730711095989,55.4706413972777,59.5382486180261,63.4421395844841,68.8138664306418,71.001491947842
"188",18.7,46.6576201012128,49.4059299950438,55.5830946273538,59.6385644299067,63.5315598888099,68.8892971695228,71.0715116542355
"189",18.8,46.787952596981,49.5275233677458,55.6873184370059,59.7327939259462,63.6170594963839,68.9639550256409,71.1420942905782
"190",18.9,46.9061906951571,49.6382813760214,55.7837321081588,59.8213446933248,63.6990317683669,69.0382094950168,71.2135983386888
"191",19,47.0130228308429,49.7388130224464,55.8727717249571,59.9045424967587,63.7776983841829,69.1121413240423,71.2860477834706
"192",19.1,47.1091547649224,49.8297368599842,55.9548678857414,59.9826994454558,63.8532606953742,69.1858034924417,71.3594363593774
"193",19.2,47.1952770455864,49.9116581468416,56.0304431106962,60.0561237522901,63.9259207673614,69.2592570108381,71.4337691358287
"194",19.3,47.2720663188865,49.9851699774873,56.0999123983548,60.1251198014505,63.9958809064839,69.3325696043811,71.5090608279353
"195",19.4,47.340186528887,50.0508543218119,56.1636837404321,60.1899882143346,64.0633432291005,69.4058145078389,71.5853342500462
"196",19.5,47.4002900090672,50.1092829754057,56.2221585977669,60.2510259141181,64.1285092694025,69.4790693613712,71.6626188976109
"197",19.6,47.4530184668555,50.161018423736,56.2757323395744,60.3085261889303,64.1915796223763,69.5524151966589,71.740949643675
"198",19.7,47.4990038635151,50.2066146230291,56.3247946479918,60.3627787534744,64.2527536185439,69.6259355038619,71.820365537432
"199",19.8,47.5388691911571,50.2466177001328,56.3697298897985,60.4140698094695,64.3122290284844,69.6997153727097,71.9009086957645
"200",19.9,47.5732291494536,50.2815665740064,56.4109174568808,60.4626821046876,64.370201794322,69.7738406999971,71.9826232776187
"201",20,47.6026907240859,50.3119935008823,56.4487320768031,60.5088949907173,64.4268657864644,69.8483974581022,72.0655545339692
"202",20.1,47.6278536695647,50.3384245454539,56.4835440948178,60.5529844795035,64.4824125838042,69.9234710191985,72.1497479262573
"203",20.2,47.6493108989296,50.3613799801325,56.515719728332,60.5952232986239,64.5370312758697,69.999145530729,72.2352483073839
"204",20.3,47.6676487831597,50.3813746145512,56.5456212949175,60.6358809454956,64.5909082858882,70.0755033386599,72.3220991604948
"205",20.4,47.6834473634703,50.3989180575426,56.5736074146295,60.6752237402785,64.6442272132756,70.1526244546003,72.4103418903937
"206",20.5,47.6972804796745,50.4145149137252,56.6000331875047,60.7135148777517,64.6971686951052,70.2305860648175,72.5000151647706
"207",20.6,47.709715818467,50.4286649172026,56.6252503470125,60.7510144781341,64.7499102856518,70.3094620785509,72.59115430173
"208",20.7,47.7213148855458,50.4418630047393,56.6496073899685,60.7879796367023,64.8026263532539,70.3893227136558,72.6837907009724
"209",20.8,47.7326329060186,50.4545993311651,56.673449683743,60.8246644725021,64.8554879943767,70.4702341186367,72.7779513171702
"210",20.9,47.7442186579464,50.4673592298788,56.6971195512955,60.8613201760243,64.9086629643227,70.5522580297533,72.873658173763
"211",21,47.7565986276361,50.4806085000501,56.720943386875,60.8981828144865,64.962303790555,70.6354397851238,72.9709161754478
"212",21.1,47.7700695678464,50.494599247409,56.7450598713562,60.9353109620989,65.0163907722445,70.7196531960233,73.0695570035131
"213",21.2,47.7847576789397,50.5094251820486,56.7694690391751,60.9726322422882,65.0707770672469,70.8046449528726,73.1692836301123
"214",21.3,47.8007825361288,50.5251750833684,56.7941682702336,61.0100719709583,65.1253130657554,70.8901572238063,73.2697934670042
"215",21.4,47.8182608943977,50.541936403131,56.8191555834789,61.0475563040573,65.179849409683,70.9759304860936,73.3707811105564
"216",21.5,47.837306458541,50.5597950837897,56.8444295779003,61.085012224541,65.2342369707748,71.0617033801843,73.471938102976
"217",21.6,47.8580296531677,50.5788353687013,56.8699893640277,61.1223675295494,65.2883268436733,71.1472126034939,73.572952743711
"218",21.7,47.8805373946988,50.5991396058783,56.8958344863936,61.1595508178167,65.3419703540445,71.2321928450048,73.6735099527489
"219",21.8,47.9049328673133,50.6207880469662,56.9219648375221,61.1964914774365,65.3950190819839,71.3163767620104,73.7732911878856
"220",21.9,47.9313153046582,50.643858643017,56.9483805637925,61.2331196737324,65.4473249004064,71.3994949996966,73.8719744174124
"221",22,47.9597797787217,50.6684268384514,56.975081963778,61.2693663375117,65.4987400289616,71.4812762556656,73.9692341513796
"222",22.1,47.9904169977006,50.6945653649502,57.0020693795524,61.3051631533734,65.5491171028306,71.5614473894937,74.0647415322565
"223",22.2,48.0233131136103,50.7223440362647,57.0293430815257,61.3404425484325,65.5983092571665,71.6397335800547,74.1581644890622
"224",22.3,48.058549540995,50.7518295454512,57.056903147341,61.3751376811711,65.6461702265339,71.7158585307573,74.2491679559602
"225",22.4,48.096202787413,50.7830852655522,57.0847493353594,61.4091824304342,65.6925544593416,71.7895447240875,74.3374141578812
"226",22.5,48.1363442962951,50.816171054796,57.112880953478,61.4425113848098,65.7373172474307,71.8605137269363,74.4225629658187
"227",22.6,48.1790403025132,50.8511430671194,57.1412967236608,61.4750598320624,65.7803148701305,71.9284865469137,74.5042723230191
"228",22.7,48.2243517008129,50.8880535688045,57.1699946429016,61.5067637487914,65.8214047526933,71.9931840405801,74.582198744087
"229",22.8,48.2723339270885,50.9269507618976,57.1989718413183,61.5375597904355,65.8604456388604,72.054327374142,74.6559978885749
"230",22.9,48.323036852136,50.9678786147367,57.2282244376976,61.5673852812022,65.8972977764984,72.1116385358433,74.7253252090816
"231",23,48.3765046875344,51.010876700106,57.2577473934732,61.5961782044458,65.9318231163809,72.1648409006147,74.7898366753051
"232",23.1,48.4327759029786,51.05598004111,57.2875343654726,61.6238771930854,65.9638855228551,72.2136598454304,74.8491895730148
"233",23.2,48.4918831325098,51.1032189482155,57.3175775542189,61.6504215256301,65.9933510108762,72.257823444041,74.9030434133926
"234",23.3,48.5537648755873,51.1525512643079,57.3478516857212,61.6757733857862,66.0201500393766,72.2971851979464,74.9512090664426
"235",23.4,48.6180703639887,51.2037123108973,57.3782786092276,61.6999681688238,66.0444181603503,72.3320023070534,74.993987587108
"236",23.5,48.6843991616961,51.2563978498017,57.4087701741517,61.7230557684748,66.0663326191776,72.3626167319917,75.0317841261928
"237",23.6,48.7523621225474,51.3103108411442,57.4392393692239,61.7450855725061,66.0860702185026,72.3893724834622,75.0650076253048
"238",23.7,48.8215819341268,51.3651619938353,57.4696006243707,61.7661064697167,66.103806993903,72.4126148286908,75.0940698431843
"239",23.8,48.8916934928724,51.420670183993,57.4997700642611,61.7861668570599,66.1197179278622,72.4326895736803,75.1193844682233
"240",23.9,48.9623441260552,51.4765627514219,57.5296657154528,61.8053146464979,66.1339767012917,72.4499424222036,75.1413663193175
"241",24,49.0331936754132,51.5325756839933,57.5592076694489,61.8235972717351,66.1467554825062,72.4647184134152,75.1604306382979
"242",24.1,49.1039144565758,51.5884536995611,57.5883182040222,61.8410616948161,66.1582247530496,72.4773614389115,75.1769924759448
"243",24.2,49.1741911072701,51.643950234439,57.6169218651855,61.8577544127263,66.1685531699722,72.4882138403692,75.1914661739623
"244",24.3,49.2437203366483,51.698827347183,57.6449455120635,61.8737214637141,66.1779074632454,72.4976160871037,75.2042649431176
"245",24.4,49.3122105868982,51.7528555457791,57.6723183271063,61.8890084335798,66.1864523678002,72.5059065341217,75.2158005392106
"246",24.5,49.3793816172518,51.8058135456725,57.6989717938414,61.9036604619272,66.1943505892828,72.51342126053,75.2264830376918
"247",24.6,49.4449640198567,51.8574879657383,57.7248396442707,61.9177222481217,66.2017628020031,72.5204939868254,75.2367207060611
"248",24.7,49.5086986756709,51.9076729684479,57.7498577780963,61.9312380572999,66.2088476786642,72.5274560714944,75.2469199754817
"249",24.8,49.5703361578467,51.9561698500095,57.7739641555928,61.9442517261983,66.2157619504693,72.534636585539,75.2574855108202
"250",24.9,49.6296360891415,52.0027865856614,57.797098666,61.9568066689578,66.2226604968661,72.5423624645755,75.2688203795361
"251",25,49.6863664590801,52.0473373346992,57.8192029729762,61.9689458827076,66.2296964636827,72.5509587372514,75.2813263187319
